,country,Medal,Number games hosted,GDP rank
0,United States,5707.0,7,1
3,Germany,2356.0,1,4
4,United Kingdom,2010.0,3,5
5,France,1717.0,4,6
6,Italy,1502.0,2,7
11,Sweden,1426.0,1,12
1,China,1036.0,2,2
2,Japan,1020.0,3,3
13,Norway,947.0,2,14
9,Australia,941.0,1,10
7,Canada,940.0,2,8
10,Netherlands,793.0,1,11
14,Austria,615.0,2,15
12,Belgium,330.0,1,13
